{
    "Logistic Regression": [
        0.9928115524078118,
        0.9957556126438065,
        0.9916573971078977,
        0.9937022794404503
    ],
    "Ridge Regression": [
        0.9994062639156894,
        0.9989628861397141,
        1.0,
        0.9994811740290542
    ],
    "Lasso Regression": [
        0.9991093958735342,
        0.9984451354953354,
        1.0,
        0.9992219628765144
    ],
    "Decision Tree": [
        0.9788587544265146,
        0.9886735653809972,
        0.9741935483870968,
        0.9813801475394528
    ],
    "KNN": [
        0.9262494963845713,
        0.9429778247096093,
        0.9271041898405636,
        0.9349736379613357
    ],
    "Random Forest": [
        1.0,
        1.0,
        1.0,
        1.0
    ],
    "SVC": [
        0.9820182785894527,
        0.9930167597765364,
        0.9754171301446051,
        0.9841382664322322
    ]
}